#time,accel_x,accel_y,accel_z
837.172254,-133.998066,-957.129040,-9628.718142
837.174924,-95.712904,-861.416136,-9552.147819
837.177593,-95.712904,-957.129040,-9552.147819
837.180263,-133.998066,-880.558717,-9628.718142
837.182933,-153.140646,-899.701298,-9571.290400
837.185603,-153.140646,-823.130974,-9667.003304
837.188273,-133.998066,-880.558717,-9647.860723
837.190943,-114.855485,-937.986459,-9571.290400
837.193613,-114.855485,-880.558717,-9628.718142
837.196283,-172.283227,-823.130974,-9628.718142
837.198953,-76.570323,-880.558717,-9571.290400
837.201623,-133.998066,-957.129040,-9552.147819
837.204292,-172.283227,-899.701298,-9628.718142
837.206962,-38.285162,-861.416136,-9552.147819
837.209632,-57.427742,-880.558717,-9341.579430
837.212302,-0.000000,-1454.836141,-9513.862658
837.214972,248.853550,-1569.691626,-9647.860723
837.217642,-57.427742,-2660.818731,-8939.585234
837.220312,-535.992262,-4575.076811,-10049.854920
837.222982,-0.000000,-9437.292334,-9016.155557
837.225652,-248.853550,-11313.265253,-10490.134278
837.228322,-287.138712,-8843.872330,-9781.858789
837.230991,823.130974,-5800.201982,-6738.188442
837.233661,-1091.127106,2411.965181,-12634.103328
837.236331,497.707101,3273.381317,-8843.872330
837.239001,-267.996131,1435.693560,-6738.188442
837.241631,-478.564520,-3139.383251,-11140.982026
837.244256,593.420005,-4383.651003,-11447.263318
837.246882,-114.855485,-10681.560086,-6336.194245
837.249508,-478.564520,-11849.257515,-8652.446522
837.252134,1971.685822,-7676.174901,-12385.249778
837.254760,-4900.500685,57.427742,-14395.220762
837.257386,3445.664544,-2565.105827,-2660.818731
837.260012,-401.994197,2009.970984,-10088.140082
837.262638,-650.847747,3579.662610,-14108.082050
837.265263,803.988394,-3771.088418,-6565.905214
837.267889,-612.562586,-5570.491013,-9781.858789
837.270515,937.986459,-7848.458128,-12461.820101
837.273141,976.271621,-2756.531635,-6355.336826
837.275767,-3522.234867,3617.947771,-11121.839445
837.278393,3388.236802,-153.140646,-13304.093656
837.281019,765.703232,2909.672282,-1588.834206
837.283645,-2813.959378,5149.354235,-17611.174336
837.286270,440.279358,287.138712,-9628.718142
837.288896,325.423874,-2660.818731,-2947.957443
837.291522,-1780.260014,-3675.375514,-14165.509792
837.294148,708.275490,-4153.940034,-10490.134278
837.296774,-1052.841944,-1971.685822,-2909.672282
837.299400,-95.712904,-957.129040,-16768.900781
837.302026,-344.566454,1818.545176,-7121.040058
837.304652,-1914.258080,2258.824534,-7733.602643
837.307278,191.425808,631.705166,-15448.062706
837.309903,-689.132909,-1378.265818,-3637.090352
837.312529,4173.082614,-4785.645200,-7350.751027
837.315155,-6470.192310,1033.699363,-16558.332392
837.317781,4115.654872,-4709.074877,-4498.506488
837.320407,363.709035,-2679.961312,-9781.858789
837.323033,-1129.412267,210.568389,-14452.648504
837.325659,-459.421939,803.988394,-4977.071008
837.328285,4287.938099,-842.273555,-11179.267187
837.330910,-2354.537438,1473.978722,-11944.970419
837.333536,-669.990328,210.568389,-4460.221326
837.336162,2373.680019,-4804.787781,-11734.402030
837.338788,-2679.961312,-1875.972918,-12251.251712
837.341414,4249.652938,-7350.751027,-3062.812928
837.344040,-1205.982590,-363.709035,-20673.987264
837.346631,-3598.805190,4460.221326,-9609.575562
837.349223,7714.460062,-3273.381317,-2986.242605
837.351814,-4785.645200,4689.932296,-10777.272990
837.354406,-2450.250342,1301.695494,-17745.172402
837.356997,4747.360038,-5245.067139,1359.123237
837.359589,-3483.949706,-1473.978722,-12423.534939
837.362181,-1818.545176,-2392.822600,-17304.893043
837.364772,-1780.260014,746.560651,-3081.955509
837.367364,4115.654872,-5283.352301,-4709.074877
837.369955,-287.138712,-2890.529701,-20673.987264
837.372547,-708.275490,2545.963246,-4843.072942
837.375138,3005.385186,631.705166,-2871.387120
837.377730,-4862.215523,3905.086483,-18683.158861
837.380321,2469.392923,-2871.387120,-12940.384621
837.382913,-937.986459,-1416.550979,-1186.840010
837.385504,-861.416136,-3637.090352,-23411.376318
837.388096,1244.267752,-3215.953574,-3694.518094
837.390687,-708.275490,-1301.695494,-4115.654872
837.393279,-4709.074877,3081.955509,-20999.411138
837.395871,4594.219392,-3062.812928,-3139.383251
837.398462,306.281293,382.851616,-6585.047795
837.401054,-2029.113565,995.414202,-18223.736922
837.403645,3139.383251,-1646.261949,-5072.783912
837.406237,-1531.406464,287.138712,-5493.920690
837.408828,287.138712,-2335.394858,-21209.979526
837.411420,57.427742,-784.845813,-3139.383251
837.414011,1129.412267,-1895.115499,-8863.014910
837.416603,-1014.556782,-1378.265818,-17974.883371
837.419194,-287.138712,153.140646,-4823.930362
837.421786,-2833.101958,2603.390989,-12882.956878
837.424378,3866.801322,-4326.223261,-10413.563955
837.426969,-3120.240670,861.416136,-9360.722011
837.429307,1454.836141,-1473.978722,-10528.419440
837.431645,708.275490,-1148.554848,-8997.012976
837.433983,-1990.828403,191.425808,-5742.774240
837.436321,1186.840010,-2871.387120,-16979.469170
837.438660,-19.142581,-1282.552914,-4077.369710
837.440998,-842.273555,-746.560651,-9954.142016
837.443336,1359.123237,-2335.394858,-13935.798822
837.445674,-1378.265818,746.560651,-5225.924558
837.448012,19.142581,-440.279358,-10260.423309
837.450350,248.853550,-1454.836141,-13514.662045
837.452688,3196.810994,-3292.523898,-1914.258080
837.455026,-5359.922624,2450.250342,-14797.214958
837.457364,3809.373579,-3464.807125,-10049.854920
837.459703,-1244.267752,-57.427742,-5091.926493
837.462041,-478.564520,-1761.117434,-15792.629160
837.464379,746.560651,-1282.552914,-9188.438784
837.466717,3005.385186,-1971.685822,-4575.076811
837.469055,-4460.221326,2756.531635,-12385.249778
837.471393,1799.402595,-1301.695494,-10758.130410
837.473731,-1110.269686,535.992262,-9379.864592
837.476069,-306.281293,-172.283227,-9284.151688
837.478407,-803.988394,-478.564520,-11102.696864
837.480746,287.138712,-823.130974,-4517.649069
837.483084,-2392.822600,-344.566454,-14854.642701
837.485422,1531.406464,-2201.396792,-5742.774240
837.487760,-2009.970984,-172.283227,-7810.172966
837.490098,-1110.269686,-459.421939,-12136.396227
837.492436,1512.263883,-2009.970984,-9360.722011
837.494774,-191.425808,287.138712,-8422.735552
837.497112,-2201.396792,765.703232,-8595.018779
837.499450,2009.970984,-2718.246474,-15582.060771
837.501789,-1071.984525,-631.705166,-2986.242605
837.504127,-784.845813,-229.710970,-12366.107197
837.506465,4115.654872,-5072.783912,-9131.011042
837.508803,-4613.361973,1454.836141,-8786.444587
837.511141,2565.105827,-3407.379382,-8863.014910
837.513479,-1416.550979,-746.560651,-13131.810429
837.515817,38.285162,-918.843878,-3043.670347
837.518155,2431.107762,-2890.529701,-17687.744659
837.520493,-2105.683888,1473.978722,-3981.656806
837.522923,1378.265818,-803.988394,-10815.558152
837.525353,-1914.258080,-421.136778,-11715.259450
837.527783,1416.550979,-229.710970,-6317.051664
837.530213,-1607.976787,650.847747,-12117.253646
837.532643,1225.125171,-3656.232933,-6221.338760
837.535073,-2182.254211,-1339.980656,-9341.579430
837.537503,-2239.681954,-287.138712,-13897.513661
837.539933,2699.103893,-2699.103893,-2967.100024
837.542363,-1627.119368,421.136778,-12098.111066
837.544793,-57.427742,57.427742,-9667.003304
837.547222,191.425808,593.420005,-5206.781978
837.549652,-497.707101,-421.136778,-14146.367211
837.552082,-133.998066,-823.130974,-7465.606512
837.554512,172.283227,-1282.552914,-7178.467800
837.556942,-1301.695494,-918.843878,-14490.933666
837.559372,1148.554848,-2737.389054,-7312.465866
837.561802,-899.701298,-2009.970984,-7925.028451
837.564232,-3905.086483,1359.123237,-14050.654307
837.566662,5053.641331,-3330.809059,-8920.442653
837.569092,-2105.683888,2029.113565,-5455.635528
837.571522,-172.283227,38.285162,-16826.328523
837.573952,1837.687757,-1244.267752,-7178.467800
837.576381,-803.988394,-76.570323,-6029.912952
837.578811,421.136778,-1895.115499,-16290.336261
837.581241,-95.712904,-1359.123237,-8346.165229
837.583671,995.414202,-1569.691626,-4977.071008
837.586101,-1014.556782,-1473.978722,-17036.896912
837.588531,1971.685822,-2009.970984,-7714.460062
837.590961,-2239.681954,401.994197,-5876.772306
837.593391,2316.252277,-803.988394,-23641.087288
837.595821,1339.980656,612.562586,1167.697429
837.598251,-746.560651,-57.427742,-13457.234302
837.600681,76.570323,-2488.535504,-18070.596275
837.603111,-976.271621,-823.130974,3464.807125
837.605540,1837.687757,-3426.521963,-14490.933666
837.607970,-1703.689691,-1665.404530,-17132.609816
837.610400,-650.847747,133.998066,2450.250342
837.612830,1990.828403,-2507.678085,-14222.937534
837.615260,-2335.394858,861.416136,-17285.750462
837.617690,3407.379382,-1071.984525,4977.071008
837.620172,-3809.373579,1895.115499,-17400.605947
837.622655,1990.828403,-3369.094221,-12882.956878
837.625137,76.570323,-2239.681954,-765.703232
837.627620,2411.965181,-3445.664544,-14816.357539
837.630102,-4307.080680,1110.269686,-9188.438784
837.632584,2335.394858,-3713.660675,-3445.664544
837.635067,-1990.828403,-76.570323,-16864.613685
837.637549,1129.412267,114.855485,-6317.051664
837.640032,516.849682,-248.853550,-7771.887805
837.642514,-497.707101,-306.281293,-15620.345933
837.644996,2507.678085,-1990.828403,-4709.074877
837.647479,-3847.658741,1703.689691,-12557.533005
837.649961,1627.119368,-1933.400661,-11485.548480
837.652443,57.427742,-918.843878,-6049.055533
837.654926,-1761.117434,650.847747,-10528.419440
837.657408,1378.265818,-2335.394858,-12940.384621
837.659891,-842.273555,-229.710970,-5168.496816
837.662373,-459.421939,-708.275490,-10738.987829
837.664855,-1607.976787,746.560651,-10528.419440
837.667338,574.277424,-1397.408398,-6776.473603
837.669820,-1359.123237,-1110.269686,-11619.546546
837.672303,1397.408398,-3483.949706,-9016.155557
837.674785,-1359.123237,-803.988394,-7025.327154
837.677267,-2603.390989,1301.695494,-13380.663979
837.679750,5666.203917,-4383.651003,-7427.321350
837.682232,-4517.649069,3081.955509,-6163.911018
837.684714,2182.254211,-1971.685822,-13897.513661
837.687197,210.568389,-497.707101,-6719.045861
837.689679,-2009.970984,535.992262,-6872.186507
837.692162,2373.680019,-4096.512291,-15428.920125
837.694644,-2507.678085,191.425808,-5953.342629
837.697126,976.271621,-2239.681954,-9858.429112
837.699609,3215.953574,-5493.920690,-9322.436850
837.702091,-2143.969050,-76.570323,-7523.034254
837.704574,19.142581,-708.275490,-18242.879502
837.707056,803.988394,1569.691626,-1550.549045
837.709538,-1167.697429,1722.832272,-11944.970419
837.712021,401.994197,-287.138712,-12940.384621
837.714503,-995.414202,0.000000,-4555.934230
837.716985,612.562586,-3043.670347,-9801.001370
837.719358,-1875.972918,-1875.972918,-13897.513661
837.721730,957.129040,-2718.246474,-5589.633594
837.724102,-1722.832272,-76.570323,-10183.852986
837.726474,-976.271621,-497.707101,-7867.600709
837.728846,4153.940034,-4613.361973,-12040.683323
837.731218,-4881.358104,3503.092286,-9418.149754
837.733590,-2124.826469,2833.101958,-8824.729749
837.735962,5513.063270,-4077.369710,-9839.286531
837.738334,-5915.057467,2967.100024,-7446.463931
837.740706,3330.809059,-4766.502619,-12289.536874
837.743078,-1799.402595,-3024.527766,-5627.918755
837.745450,-842.273555,-2086.541307,-12385.249778
837.747823,2048.256146,-2239.681954,-9647.860723
837.750195,-2526.820666,1588.834206,-7465.606512
837.752567,995.414202,172.283227,-13036.097525
837.754939,1627.119368,-823.130974,-6278.766502
837.757311,-2277.967115,1416.550979,-11657.831707
837.759683,2871.387120,-3215.953574,-10356.136213
837.762055,-3005.385186,363.709035,-9552.147819
837.764427,2392.822600,-3369.094221,-9111.868461
837.766799,-1531.406464,-1186.840010,-12940.384621
837.769171,401.994197,-669.990328,-7408.178770
837.771543,574.277424,-957.129040,-10088.140082
837.773916,-95.712904,516.849682,-12327.822035
837.776288,497.707101,593.420005,-5991.627790
837.778660,-1225.125171,1378.265818,-12997.812363
837.781032,1933.400661,-2833.101958,-8269.594906
837.783404,-1971.685822,-229.710970,-7561.319416
837.785776,440.279358,-3177.668413,-12653.245909
837.788148,880.558717,-3369.094221,-9954.142016
837.790520,-1244.267752,-1493.121302,-8384.450390
837.792892,861.416136,-1665.404530,-10298.708470
837.795264,-1225.125171,-114.855485,-8767.302006
837.797636,1359.123237,-306.281293,-11313.265253
837.800008,1531.406464,-555.134843,-7905.885870
837.802381,-1971.685822,1473.978722,-8633.303941
837.804753,210.568389,-669.990328,-14012.369146
837.807125,2660.818731,-861.416136,-3483.949706
837.809497,-3694.518094,4192.225195,-13016.954944
837.811869,2986.242605,650.847747,-11734.402030
837.814313,-2641.676150,5034.498750,-2947.957443
837.816756,1129.412267,3426.521963,-15180.066574
837.819200,95.712904,4153.940034,-11428.120738
837.821644,-1225.125171,1703.689691,-3388.236802
837.824088,1512.263883,-2048.256146,-11389.835576
837.826532,-1397.408398,3235.096155,-17285.750462
837.828975,1110.269686,478.564520,-2143.969050
837.831419,689.132909,382.851616,-9839.286531
837.833863,-2086.541307,4115.654872,-13610.374949
837.836307,2048.256146,3828.516160,-8020.741355
837.838751,-0.000000,2565.105827,-8327.022648
837.841194,-1320.838075,2718.246474,-12385.249778
837.843638,1282.552914,535.992262,-9379.864592
837.846082,-689.132909,2852.244539,-7063.612315
837.848526,-0.000000,1129.412267,-13801.800757
837.850969,-344.566454,1033.699363,-8346.165229
837.853413,459.421939,937.986459,-8135.596840
837.855857,-689.132909,1646.261949,-13265.808494
837.858301,210.568389,-440.279358,-6987.041992
837.860745,-172.283227,-535.992262,-10662.417506
837.863188,-669.990328,-229.710970,-11006.983960
837.865632,593.420005,229.710970,-7944.171032
837.868076,-172.283227,4555.934230,-10968.698798
837.870520,-95.712904,7101.897477,-10126.425243
837.872964,-19.142581,9839.286531,-9226.723946
837.875407,440.279358,6451.049730,-8116.454259
837.877851,-153.140646,3158.525832,-10375.278794
837.880295,-248.853550,918.843878,-11370.692995
837.882739,-401.994197,-4000.799387,-7025.327154
837.885183,1033.699363,-5149.354235,-10183.852986
837.887626,-1856.830338,1129.412267,-10011.569758
837.890070,1320.838075,1990.828403,-10930.413637
837.892514,-1110.269686,8173.882002,-8920.442653
837.894958,191.425808,7905.885870,-10375.278794
837.897401,1129.412267,3043.670347,-7446.463931
837.899845,-2411.965181,5379.065205,-10298.708470
837.902289,2679.961312,-861.416136,-11083.554283
837.904733,-3503.092286,-1014.556782,-9475.577496
837.907177,3426.521963,-5627.918755,-10700.702667
837.909620,-2143.969050,535.992262,-7542.176835
837.912110,-1761.117434,3062.812928,-12021.540742
837.914600,3235.096155,-1339.980656,-11102.696864
837.917091,-3273.381317,4230.510357,-5666.203917
837.919581,2220.539373,-229.710970,-11868.400096
837.922071,-1282.552914,-2220.539373,-8518.448456
837.924561,612.562586,-4823.930362,-5321.637462
837.927051,172.283227,-4192.225195,-14165.509792
837.929541,-2507.678085,-593.420005,-10279.565890
837.932031,3732.803256,-3464.807125,-5072.783912
837.934521,-2258.824534,1186.840010,-14356.935600
837.937011,2201.396792,995.414202,-9973.284597
837.939501,-1205.982590,1512.263883,-6049.055533
837.941991,746.560651,-669.990328,-13935.798822
837.944481,535.992262,-2105.683888,-8671.589102
837.946971,229.710970,-1895.115499,-7197.610381
837.949461,229.710970,-3924.229064,-13859.228499
837.951951,-19.142581,-1588.834206,-9647.860723
837.954441,1167.697429,-1741.974853,-7676.174901
837.956931,-1148.554848,1225.125171,-12021.540742
837.959421,191.425808,191.425808,-7657.032320
837.961911,727.418070,842.273555,-8863.014910
837.964401,516.849682,-210.568389,-10872.985894
837.966891,-3905.086483,1225.125171,-8595.018779
837.969381,3254.238736,-5225.924558,-10911.271056
837.971871,-2277.967115,-1703.689691,-9437.292334
837.974361,-574.277424,-2086.541307,-9341.579430
837.976851,1646.261949,-2507.678085,-11600.403965
837.979341,-2431.107762,1569.691626,-6106.483275
837.981831,-3369.094221,1320.838075,-11734.402030
837.984322,6546.762634,-3885.943902,-11772.687192
837.986812,-4919.643266,3809.373579,-114.855485
837.989302,1167.697429,-1473.978722,-16290.336261
837.991792,-1033.699363,-478.564520,-10662.417506
837.994282,287.138712,-1033.699363,-3483.949706
837.996772,1780.260014,-5168.496816,-15601.203352
837.999262,-1205.982590,-2143.969050,-11102.696864
838.001752,19.142581,-1129.412267,-574.277424
838.004242,6029.912952,-3828.516160,-12346.964616
838.006732,-2947.957443,421.136778,-15677.773675
838.009222,-4134.797453,4364.508422,-8135.596840
838.011745,5111.069074,-1205.982590,-1761.117434
838.014267,-4039.084549,2737.389054,-15984.054968
838.016790,-497.707101,-823.130974,-10222.138147
838.019313,5302.494882,-4575.076811,-1244.267752
838.021835,-3120.240670,1416.550979,-11676.974288
838.024358,-1607.976787,-1359.123237,-15122.638832
838.026881,574.277424,-1531.406464,-3024.527766
838.029403,210.568389,-995.414202,-12059.825904
838.031926,-3617.947771,1512.263883,-13667.802691
838.034449,4364.508422,-2986.242605,-3751.945837
838.036971,-3541.377448,1378.265818,-15658.631094
838.039494,248.853550,-497.707101,-8001.598774
838.042017,574.277424,-1914.258080,-4938.785846
838.044539,-2220.539373,-1378.265818,-14261.222696
838.047062,3483.949706,-4077.369710,-8556.733618
838.049585,-3273.381317,1454.836141,-2794.816797
838.052107,2143.969050,-2354.537438,-18836.299507
838.054630,-1493.121302,421.136778,-5723.631659
838.057153,-574.277424,497.707101,-7427.321350
838.059675,172.283227,-1952.543242,-13591.232368
838.062198,957.129040,-1684.547110,-7618.747158
838.064721,2737.389054,-5379.065205,-6489.334891
838.067243,-3235.096155,-1052.841944,-18300.307245
838.069766,19.142581,-1071.984525,-7216.752962
838.072289,-382.851616,76.570323,-7714.460062
838.074811,746.560651,-382.851616,-19525.432416
838.077334,-1205.982590,3158.525832,-669.990328
838.079857,1225.125171,-727.418070,-11370.692995
838.082379,-1684.547110,0.000000,-15218.351736
838.084902,823.130974,-2469.392923,-4421.936165
838.087425,555.134843,-2201.396792,-11619.546546
838.089947,-1205.982590,-2335.394858,-12768.101394
838.092470,440.279358,-803.988394,-6699.903280
838.094993,-382.851616,-191.425808,-8365.307810
838.097516,-76.570323,95.712904,-16768.900781
838.100038,-3292.523898,1914.258080,-1091.127106
838.102561,4843.072942,-2794.816797,-17630.316917
838.105084,-2794.816797,2373.680019,-5340.780043
838.107606,-1186.840010,95.712904,-12346.964616
838.110129,-650.847747,-2967.100024,-10509.276859
838.112672,-1071.984525,-1148.554848,-4709.074877
838.115216,2833.101958,-4441.078746,-13495.519464
838.117759,-3311.666478,459.421939,-9341.579430
838.120303,2469.392923,-1512.263883,-6163.911018
838.122847,1301.695494,-1320.838075,-12174.681389
838.125390,-1110.269686,1320.838075,-12404.392358
838.127934,-1684.547110,-325.423874,-6451.049730
838.130477,3120.240670,-2928.814862,-15716.058837
838.133021,-1531.406464,1263.410333,-4077.369710
838.135564,-95.712904,-1799.402595,-10030.712339
838.138108,1397.408398,-3656.232933,-16194.623357
838.140651,-995.414202,-708.275490,-2890.529701
838.143195,937.986459,-1952.543242,-11964.113000
838.145738,-363.709035,727.418070,-10815.558152
838.148282,631.705166,612.562586,-4000.799387
838.150825,-861.416136,1033.699363,-14261.222696
838.153369,-210.568389,-631.705166,-9226.723946
838.155912,-1244.267752,-612.562586,-5627.918755
838.158456,995.414202,-3732.803256,-16768.900781
838.160999,-363.709035,-478.564520,-5915.057467
838.163543,1205.982590,-1722.832272,-1933.400661
838.166086,-1646.261949,-1895.115499,-20922.840814
838.168630,-612.562586,631.705166,-5838.487144
838.171173,1569.691626,-440.279358,-1225.125171
838.173717,-1799.402595,-57.427742,-21477.975658
838.176261,153.140646,-823.130974,-3828.516160
838.178804,861.416136,-1684.547110,-4709.074877
838.181348,-1761.117434,-2679.961312,-21918.255016
838.183891,1263.410333,-1703.689691,-899.701298
838.186435,-669.990328,-2143.969050,-11523.833642
838.188978,1071.984525,-1627.119368,-19008.582734
838.191522,-325.423874,1684.547110,7542.176835
838.194065,1665.404530,-823.130974,-19353.149189
838.196609,-2699.103893,516.849682,-16960.326589
838.199152,3043.670347,-1493.121302,4651.647134
838.201696,-1167.697429,-1091.127106,-16098.910453
838.204239,-440.279358,-1397.408398,-18644.873699
838.206783,880.558717,-1454.836141,3790.230998
838.209326,-114.855485,-267.996131,-12921.242040
838.211870,-1263.410333,-1014.556782,-17630.316917
838.214428,114.855485,-76.570323,1359.123237
838.216984,-555.134843,57.427742,-17228.322720
838.219540,-1837.687757,2947.957443,-14376.078181
838.222096,6891.329088,-4402.793584,4996.213589
838.224652,-4575.076811,-267.996131,-23449.661480
838.227208,-3771.088418,-440.279358,-15926.627226
838.229764,5666.203917,-5245.067139,11964.113000
838.232320,-3809.373579,-1148.554848,-19850.856290
838.234876,-1837.687757,-1205.982590,-17419.748528
838.237432,3311.666478,-1818.545176,3043.670347
838.239988,-2584.248408,2163.111630,-7905.885870
838.242544,76.570323,-1301.695494,-22951.954379
838.245100,-57.427742,-631.705166,-1071.984525
838.247656,861.416136,-727.418070,-4268.795518
838.250212,95.712904,-3215.953574,-18721.444022
838.252768,-2105.683888,-823.130974,-7523.034254
838.255324,1665.404530,-3426.521963,-2660.818731
838.257880,-2392.822600,-2086.541307,-17745.172402
838.260436,19.142581,133.998066,-7197.610381
838.262992,1952.543242,344.566454,-3617.947771
838.265548,-2373.680019,1895.115499,-16194.623357
838.268104,6527.620053,-6202.196179,-248.853550
838.270661,-6546.762634,2124.826469,-23985.653742
838.273217,363.709035,-1129.412267,-7446.463931
838.275773,-555.134843,-440.279358,5742.774240
838.278329,-1990.828403,746.560651,-22607.387925
838.280885,4843.072942,-1780.260014,-8671.589102
838.283441,-5168.496816,4919.643266,3024.527766
838.285997,2890.529701,-3388.236802,-28101.308614
838.288553,-1607.976787,76.570323,-6527.620053
838.291109,153.140646,-1837.687757,3081.955509
838.293665,114.855485,-4249.652938,-22396.819536
838.296221,2507.678085,-2928.814862,2622.533570
838.298777,-440.279358,-1397.408398,-10700.702667
838.301333,-2029.113565,574.277424,-19640.287901
838.303889,1129.412267,1148.554848,3483.949706
838.306445,-1512.263883,1301.695494,-16309.478842
838.309001,3866.801322,-2641.676150,-18778.871765
838.311557,-5340.780043,4153.940034,8461.020714
838.314113,4421.936165,-6068.198114,-21075.981461
838.316676,-1033.699363,-3388.236802,-13514.662045
838.319239,38.285162,-2756.531635,1378.265818
838.321801,1550.549045,-2392.822600,-18108.881437
838.324364,-1378.265818,38.285162,-10834.700733
838.326927,3120.240670,-861.416136,210.568389
838.329490,-3043.670347,2086.541307,-22128.823405
838.332053,1722.832272,1435.693560,-5245.067139
838.334616,-1148.554848,38.285162,-7714.460062
838.337178,1263.410333,-2545.963246,-21975.682758
838.339741,-3330.809059,133.998066,-459.421939
838.342304,1071.984525,-2813.959378,-11887.542677
838.344867,1071.984525,-4594.219392,-12710.673651
838.347430,-1627.119368,-76.570323,-6929.614250
838.349993,784.845813,-976.271621,-7752.745224
838.352555,-689.132909,803.988394,-15256.636898
838.355118,1818.545176,153.140646,-1550.549045
838.357681,-976.271621,172.283227,-15390.634963
838.360244,-2163.111630,-306.281293,-9992.427178
838.362807,1741.974853,-3177.668413,-3120.240670
838.365370,-1282.552914,-1837.687757,-13648.660110
838.367933,2124.826469,-2813.959378,-11983.255581
838.370495,-4460.221326,1205.982590,-325.423874
838.373058,2679.961312,-3522.234867,-15084.353670
838.375621,-344.566454,344.566454,-4058.227130
838.378184,-2469.392923,-172.283227,-12174.681389
838.380747,3617.947771,-2603.390989,-17783.457563
838.383310,1014.556782,153.140646,593.420005
838.385872,-4134.797453,3043.670347,-13954.941403
838.388435,3828.516160,-3962.514226,-13763.515595
838.390998,-3981.656806,2450.250342,-1378.265818
838.393561,3292.523898,-3809.373579,-13476.376883
838.396124,689.132909,-995.414202,-14873.785282
838.398687,-5283.352301,2737.389054,3694.518094
838.401250,2469.392923,-3981.656806,-21324.835011
838.403812,-1397.408398,-746.560651,-3847.658741
838.406375,746.560651,38.285162,-8020.741355
838.408938,-38.285162,-631.705166,-14720.644635
838.411501,-765.703232,1186.840010,-2450.250342
838.414064,1091.127106,-1378.265818,-8997.012976
838.416627,-5647.061336,440.279358,-16194.623357
838.419195,6317.051664,-5455.635528,-6948.756830
838.421763,-3407.379382,976.271621,-2143.969050
838.424331,-0.000000,-1933.400661,-21822.542112
838.426899,1627.119368,-1971.685822,-1569.691626
838.429468,-3330.809059,2297.109696,-8882.157491
838.432036,2201.396792,-3388.236802,-13150.953010
838.434604,-459.421939,-918.843878,-5991.627790
838.437172,-880.558717,-1435.693560,-9954.142016
838.439740,2373.680019,-2718.246474,-10949.556218
838.442309,-2335.394858,344.566454,-8097.311678
838.444877,114.855485,-1588.834206,-8824.729749
838.447445,1933.400661,-3483.949706,-13342.378818
838.450013,-1033.699363,2258.824534,-4096.512291
838.452581,2584.248408,-957.129040,-11485.548480
838.455150,-5589.633594,3809.373579,-9379.864592
838.457718,3196.810994,-3254.238736,-11791.829773
838.460286,-2526.820666,459.421939,-5149.354235
838.462854,1875.972918,-3426.521963,-10222.138147
838.465422,-784.845813,-2909.672282,-14797.214958
838.467991,-899.701298,-2354.537438,-3560.520029
838.470559,1263.410333,-5474.778109,-11332.407834
838.473127,-1397.408398,-4421.936165,-13016.954944
838.475695,-1646.261949,-4345.365842,-6336.194245
838.478263,4345.365842,-8671.589102,-7771.887805
838.480832,-2986.242605,-1052.841944,-12270.394293
838.483400,191.425808,555.134843,-9590.432981
838.485968,-535.992262,-1339.980656,-11791.829773
838.488536,-1665.404530,-4689.932296,-7886.743290
838.491104,2316.252277,-5761.916821,-8422.735552
838.493673,-1684.547110,-3426.521963,-10624.132344
838.496241,95.712904,-4651.647134,-11772.687192
838.498809,440.279358,-5972.485210,-6470.192310
838.501377,-574.277424,-3943.371645,-8231.309744
838.503945,401.994197,-1875.972918,-14701.502054
838.506514,-612.562586,-2143.969050,-4402.793584
838.509082,574.277424,-3981.656806,-8652.446522
838.511650,95.712904,-4919.643266,-12940.384621
838.514218,-535.992262,-4804.787781,-8422.735552
838.516786,689.132909,-5513.063270,-9399.007173
838.519355,-574.277424,-325.423874,-11274.980091
838.521926,153.140646,-631.705166,-7752.745224
838.524497,-76.570323,-1646.261949,-10911.271056
838.527068,-0.000000,-3043.670347,-10317.851051
838.529639,-344.566454,-5034.498750,-8518.448456
838.532210,114.855485,-7905.885870,-9111.868461
838.534781,114.855485,-10738.987829,-11294.122672
838.537352,-880.558717,-8250.452325,-8690.731683
838.539923,95.712904,-3885.943902,-9552.147819
838.542494,-133.998066,-1952.543242,-9016.155557
838.545065,-937.986459,1014.556782,-11791.829773
838.547636,1225.125171,-153.140646,-6565.905214
838.550207,-1186.840010,1473.978722,-10987.841379
838.552778,-401.994197,-4996.213589,-10643.274925
838.555349,2009.970984,-10777.272990,-4785.645200
838.557920,-1588.834206,-7293.323285,-14242.080115
838.560491,-95.712904,-9322.436850,-10298.708470
838.563062,1646.261949,-6470.192310,-1454.836141
838.565633,-3139.383251,516.849682,-14452.648504
838.568204,3426.521963,1473.978722,-8097.311678
838.570775,-1531.406464,1837.687757,-7503.891674
838.573346,-727.418070,-3330.809059,-11198.409768
838.575917,1531.406464,-6451.049730,-8269.594906
838.578488,-2009.970984,-3943.371645,-9513.862658
838.581059,1033.699363,-4843.072942,-10834.700733
838.583630,-1818.545176,-440.279358,-9954.142016
838.586201,267.996131,2756.531635,-6297.909083
838.588772,2660.818731,669.990328,-12882.956878
838.591343,-2890.529701,2718.246474,-10509.276859
838.593914,3273.381317,-1799.402595,-6355.336826
838.596485,-2794.816797,191.425808,-10279.565890
838.599056,478.564520,-4115.654872,-13514.662045
838.601628,-57.427742,-3369.094221,-4096.512291
838.604199,-1129.412267,-2565.105827,-14950.355605
838.606770,1952.543242,-1627.119368,-9686.145885
838.609341,-784.845813,1952.543242,-6374.479406
838.611912,574.277424,1091.127106,-13954.941403
838.614483,-38.285162,918.843878,-8671.589102
838.617054,-344.566454,784.845813,-8499.305875
838.619625,1454.836141,-3177.668413,-11198.409768
838.622196,669.990328,-3120.240670,-8958.727814
838.624767,-4287.938099,861.416136,-10202.995566
838.627338,3522.234867,-3235.096155,-10758.130410
838.629909,-1454.836141,746.560651,-10126.425243
838.632480,-516.849682,1627.119368,-8652.446522
838.635052,1990.828403,-1052.841944,-9896.714274
838.637623,-2679.961312,2775.674216,-10681.560086
838.640194,1818.545176,-2220.539373,-7465.606512
838.642765,-459.421939,-2431.107762,-10738.987829
838.645336,-306.281293,-2488.535504,-8020.741355
838.647907,784.845813,-2373.680019,-11217.552349
838.650479,-2392.822600,918.843878,-8882.157491
838.653050,2833.101958,-1416.550979,-10241.280728
838.655621,-1282.552914,1110.269686,-10202.995566
838.658192,631.705166,-1875.972918,-8212.167163
838.660763,4307.080680,-5053.641331,-7771.887805
838.663334,-8920.442653,4153.940034,-14624.931731
838.665905,3215.953574,-4345.365842,-8824.729749
838.668477,5627.918755,-5915.057467,-7408.178770
838.671048,-8499.305875,5666.203917,-11523.833642
838.673619,5398.207786,-4747.360038,-13074.382686
838.676190,-5130.211654,957.129040,-4900.500685
838.678761,-1952.543242,-689.132909,-24540.788586
838.681332,2354.537438,-1071.984525,-1607.976787
838.683904,-1512.263883,2584.248408,-8059.026517
838.686475,861.416136,-1320.838075,-22607.387925
838.689046,-1320.838075,2258.824534,-2105.683888
838.691617,2986.242605,-1033.699363,-6049.055533
838.694188,-2354.537438,-1493.121302,-22358.534374
838.696759,-937.986459,-535.992262,-1110.269686
838.699331,1071.984525,-1531.406464,-9016.155557
838.701902,-2565.105827,-593.420005,-18912.869830
838.704473,5283.352301,-3751.945837,1263.410333
838.707044,-5627.918755,2239.681954,-12576.675586
838.709615,2182.254211,-2182.254211,-14261.222696
838.712186,-1818.545176,38.285162,-4785.645200
838.714758,2679.961312,-2641.676150,-14548.361408
838.717329,-1301.695494,287.138712,-9820.143950
838.719900,153.140646,-708.275490,-6144.768437
838.722471,1014.556782,-3177.668413,-11964.113000
838.725042,-1684.547110,-612.562586,-11887.542677
838.727613,-229.710970,-612.562586,-4938.785846
838.730184,612.562586,-1531.406464,-13629.517530
838.732756,3445.664544,-4766.502619,-8441.878133
838.735327,-3637.090352,2201.396792,-12117.253646
838.737898,1761.117434,-1818.545176,-6508.477472
838.740469,-995.414202,172.283227,-12098.111066
838.743040,1205.982590,-880.558717,-10604.989763
838.745611,669.990328,-478.564520,-7810.172966
838.748182,-229.710970,-880.558717,-13342.378818
838.750753,440.279358,-1186.840010,-10796.415571
838.753324,-478.564520,-1397.408398,-7293.323285
838.755896,-459.421939,-1225.125171,-13667.802691
838.758467,-1110.269686,1110.269686,-5015.356170
838.761038,1339.980656,-1761.117434,-10930.413637
838.763609,191.425808,-708.275490,-7331.608446
838.766180,-5072.783912,1761.117434,-10892.128475
838.768751,5436.492947,-5187.639397,-9437.292334
838.771322,-3349.951640,803.988394,-10987.841379
838.773893,-1320.838075,-363.709035,-5398.207786
838.776465,3617.947771,-4594.219392,-14242.080115
838.779036,-3828.516160,2009.970984,-7752.745224
838.781607,2392.822600,-2526.820666,-7714.460062
838.784178,-1033.699363,-803.988394,-12844.671717
838.786749,-574.277424,-363.709035,-7561.319416
838.789320,-344.566454,76.570323,-10987.841379
838.791891,421.136778,-2909.672282,-6661.618118
838.794462,-1033.699363,-1148.554848,-11313.265253
838.797033,267.996131,-1339.980656,-12155.538808
838.799605,1359.123237,-1167.697429,-4938.785846
838.802176,-1052.841944,842.273555,-13916.656242
838.804747,382.851616,-114.855485,-10585.847182
838.807318,574.277424,-823.130974,-6910.471669
838.809889,-1091.127106,114.855485,-12595.818166
838.812460,19.142581,-765.703232,-10030.712339
838.815031,-57.427742,-1167.697429,-8212.167163
838.817602,-1875.972918,459.421939,-9092.725880
838.820174,880.558717,-2392.822600,-13342.378818
838.822745,4575.076811,-4230.510357,-2507.678085
838.825316,-5915.057467,2947.957443,-14778.072378
838.827887,1378.265818,-19.142581,-10566.704602
838.830457,-1014.556782,325.423874,-5417.350366
838.833026,-1397.408398,516.849682,-13820.943338
838.835596,1799.402595,-2928.814862,-9762.716208
838.838165,-1569.691626,-229.710970,-5225.924558
838.840735,1416.550979,-3713.660675,-14088.939469
838.843305,-1741.974853,-784.845813,-9647.860723
838.845874,-880.558717,-535.992262,-3809.373579
838.848444,1875.972918,-2450.250342,-17247.465301
838.851014,1531.406464,-2373.680019,-4000.799387
838.853583,-2507.678085,1397.408398,-7925.028451
838.856153,19.142581,-1091.127106,-15141.781413
838.858722,650.847747,-1014.556782,-5187.639397
838.861292,-401.994197,-1129.412267,-6565.905214
838.863862,-57.427742,-1856.830338,-17840.885306
838.866431,-76.570323,-1722.832272,-3541.377448
838.869001,-133.998066,-1205.982590,-13686.945272
838.871571,-2756.531635,-57.427742,-12232.109131
838.874140,267.996131,-746.560651,-9131.011042
838.876710,1646.261949,421.136778,-4919.643266
838.879279,-2277.967115,1607.976787,-14299.507858
838.881849,2756.531635,-2373.680019,-7905.885870
838.884419,-4192.225195,1550.549045,-7925.028451
838.886988,1416.550979,-2526.820666,-10777.272990
838.889558,-574.277424,-1473.978722,-10853.843314
838.892128,-1033.699363,-1110.269686,-5513.063270
838.894697,-19.142581,-1569.691626,-12442.677520
838.897267,4364.508422,-2526.820666,-10183.852986
838.899837,-7274.180704,4153.940034,-2163.111630
838.902406,3675.375514,-1167.697429,-12634.103328
838.904976,1875.972918,-2450.250342,-12614.960747
838.907545,-2469.392923,382.851616,-1741.974853
838.910115,6508.477472,-8556.733618,-19123.438219
838.912685,-6393.621987,2316.252277,-5570.491013
838.915254,1205.982590,-1875.972918,-7886.743290
838.917824,3905.086483,-3962.514226,-13304.093656
838.920394,-5053.641331,2852.244539,-6719.045861
838.922963,3043.670347,-1761.117434,-8461.020714
838.925533,-172.283227,57.427742,-13112.667848
838.928102,-1205.982590,784.845813,-8652.446522
838.930672,3120.240670,-2316.252277,-8135.596840
838.933239,-2603.390989,76.570323,-12538.390424
838.935806,-287.138712,-1186.840010,-9437.292334
838.938374,3771.088418,-4747.360038,-8709.874264
838.940941,-727.418070,-1435.693560,-11504.691061
838.943508,-1110.269686,995.414202,-10528.419440
838.946075,976.271621,-344.566454,-5359.922624
838.948642,1569.691626,57.427742,-14012.369146
838.951209,-3330.809059,3101.098090,-6680.760699
838.953777,-823.130974,172.283227,-3905.086483
838.956344,1301.695494,-4077.369710,-20635.702102
838.958911,-2565.105827,-1531.406464,-4938.785846
838.961478,1761.117434,-3560.520029,-4058.227130
838.964045,-2928.814862,-937.986459,-18874.584669
838.966613,2756.531635,-2086.541307,-6431.907149
838.969180,1473.978722,-1761.117434,-4364.508422
838.971747,-3905.086483,2986.242605,-17017.754331
838.974314,1665.404530,38.285162,-8403.592971
838.976881,3866.801322,-823.130974,-3656.232933
838.979448,-5302.494882,1837.687757,-14337.793019
838.982016,3043.670347,-4804.787781,-7331.608446
838.984583,-2105.683888,-2660.818731,-8882.157491
838.987150,1799.402595,-3426.521963,-14490.933666
838.989717,-38.285162,-1569.691626,-7121.040058
838.992284,-746.560651,784.845813,-10738.987829
838.994851,1033.699363,95.712904,-11715.259450
838.997419,-823.130974,1225.125171,-8269.594906
838.999986,3522.234867,-1339.980656,-8250.452325
839.002553,-5704.489078,3617.947771,-14663.216893
839.005120,4575.076811,-3043.670347,-4709.074877
839.007687,114.855485,-1359.123237,-13820.943338
839.010254,-3617.947771,1741.974853,-8269.594906
839.012822,2220.539373,-2756.531635,-7905.885870
839.015389,-2086.541307,-957.129040,-13150.953010
839.017956,-1167.697429,-1473.978722,-5895.914886
839.020523,1454.836141,-3292.523898,-12595.818166
839.023090,-1607.976787,440.279358,-7408.178770
839.025658,1550.549045,-727.418070,-10183.852986
839.028225,2813.959378,-2852.244539,-7465.606512
839.030792,-4173.082614,4058.227130,-14605.789150
839.033359,19.142581,210.568389,-8633.303941
839.035923,3407.379382,-3445.664544,-8556.733618
839.038487,-3675.375514,248.853550,-8824.729749
839.041052,3924.229064,-4957.928427,-13016.954944
839.043616,-3349.951640,-1588.834206,-1129.412267
839.046180,440.279358,-1875.972918,-16290.336261
839.048744,-1225.125171,-1148.554848,-13438.091722
839.051308,4919.643266,-3369.094221,4977.071008
839.053873,-4785.645200,2890.529701,-19640.287901
839.056437,2392.822600,-401.994197,-9131.011042
839.059001,-2105.683888,1359.123237,-3483.949706
839.061565,516.849682,-880.558717,-21841.684693
839.064129,-76.570323,-1282.552914,-2450.250342
839.066694,5225.924558,-5493.920690,-4077.369710
839.069258,-10107.282662,2584.248408,-25210.778914
839.071822,4230.510357,-2909.672282,-3579.662610
839.074386,3139.383251,-1837.687757,-4249.652938
839.076950,-7637.889739,6106.483275,-17266.607882
839.079515,2029.113565,440.279358,-10279.565890
839.082079,3637.090352,-2622.533570,2009.970984
839.084643,-4862.215523,421.136778,-23813.370515
839.087207,1703.689691,-3330.809059,-8097.311678
839.089771,1914.258080,-3196.810994,1167.697429
839.092335,-3847.658741,-382.851616,-20233.707906
839.094900,-459.421939,-172.283227,-8690.731683
839.097464,1225.125171,-1244.267752,-9341.579430
839.100028,-555.134843,421.136778,-14950.355605
839.102592,-784.845813,727.418070,-3905.086483
839.105156,2029.113565,-1512.263883,-9896.714274
839.107721,-4957.928427,1933.400661,-14203.794954
839.110285,4938.785846,-3943.371645,-4421.936165
839.112849,-2163.111630,-1684.547110,-11791.829773
839.115413,-669.990328,-1627.119368,-12595.818166
839.117977,899.701298,-3120.240670,-4843.072942
839.120542,-1684.547110,344.566454,-10987.841379
839.123106,803.988394,-1684.547110,-16749.758200
839.125670,1799.402595,401.994197,-3771.088418
839.128234,-650.847747,1225.125171,-9437.292334
839.130798,-287.138712,191.425808,-15811.771741
839.133363,1397.408398,-1607.976787,-4689.932296
839.135927,-5857.629725,3024.527766,-16386.049165
839.138489,2756.531635,-1129.412267,-10068.997501
839.141052,612.562586,363.709035,-4115.654872
839.143615,-3828.516160,5053.641331,-12902.099459
839.146177,2526.820666,2258.824534,-14644.074312
839.148740,-2986.242605,6412.764568,2124.826469
839.151302,1971.685822,382.851616,-20023.139517
839.153865,-1071.984525,3254.238736,-6546.762634
839.156428,650.847747,3790.230998,-4747.360038
839.158990,-631.705166,-1091.127106,-15294.922059
839.161553,-382.851616,172.283227,-9992.427178
839.164115,1014.556782,2909.672282,-4804.787781
839.166678,-1263.410333,2335.394858,-15409.777544
839.169240,-459.421939,1531.406464,-10738.987829
839.171803,918.843878,3579.662610,-12385.249778
839.174366,-1454.836141,3426.521963,-17266.607882
839.176928,344.566454,2565.105827,-8307.880067
839.179491,248.853550,2660.818731,-4479.363907
839.182053,-593.420005,1646.261949,-15811.771741
839.184616,-95.712904,842.273555,-7810.172966
839.187179,57.427742,784.845813,-7140.182638
839.189741,-153.140646,650.847747,-14108.082050
839.192304,-248.853550,1244.267752,-9054.440718
839.194866,-38.285162,-440.279358,-5627.918755
839.197429,-631.705166,-612.562586,-15543.775610
839.199992,-38.285162,-76.570323,-7848.458128
839.202554,325.423874,1244.267752,-6604.190376
839.205117,-133.998066,5398.207786,-14682.359474
839.207679,-306.281293,8365.307810,-7523.034254
839.210242,1052.841944,9628.718142,-8461.020714
839.212805,-1569.691626,7676.174901,-13552.947206
839.215367,363.709035,1110.269686,-8882.157491
839.217930,114.855485,-4613.361973,-5953.342629
839.220492,-1167.697429,-2488.535504,-15314.064640
839.223055,861.416136,-3790.230998,-8193.024582
839.225618,-631.705166,574.277424,-7408.178770
839.228180,-19.142581,3905.086483,-13610.374949
839.230743,1186.840010,5915.057467,-6278.766502
839.233305,-803.988394,9360.722011,-9494.720077
839.235868,-287.138712,6144.768437,-16309.478842
839.238430,-995.414202,2220.539373,-3388.236802
839.240990,1531.406464,-2143.969050,-10241.280728
839.243549,-1818.545176,-746.560651,-15237.494317
839.246109,1780.260014,-4823.930362,-5474.778109
839.248668,-2603.390989,-2794.816797,-7580.461997
839.251228,-76.570323,1052.841944,-13418.949141
839.253787,1435.693560,1493.121302,-5723.631659
839.256347,-1684.547110,3024.527766,-9609.575562
839.258906,1703.689691,-1665.404530,-11217.552349
839.261466,-1512.263883,229.710970,-6604.190376
839.264025,784.845813,-3464.807125,-11179.267187
839.266584,-2584.248408,-2373.680019,-10126.425243
839.269144,1416.550979,-3388.236802,-7944.171032
839.271703,-669.990328,-459.421939,-11255.837510
839.274263,-650.847747,1225.125171,-10049.854920
839.276822,-229.710970,2258.824534,-7599.604578
839.279382,-669.990328,1378.265818,-11562.118803
839.281941,976.271621,-421.136778,-9686.145885
839.284501,-1454.836141,-727.418070,-6604.190376
839.287060,114.855485,-3790.230998,-11925.827838
839.289620,-2182.254211,-880.558717,-10298.708470
839.292179,669.990328,-1665.404530,-6642.475538
839.294738,2871.387120,-3790.230998,-8154.739421
839.297298,-2967.100024,-421.136778,-14912.070443
839.299857,57.427742,1014.556782,-5742.774240
839.302417,3292.523898,-1225.125171,-8020.741355
839.304976,-1856.830338,1129.412267,-12404.392358
839.307536,-6202.196179,1129.412267,-9111.868461
839.310095,10068.997501,-8939.585234,-12787.243974
839.312655,-4709.074877,363.709035,-574.277424
839.315214,-669.990328,-650.847747,-17209.180139
839.317774,4192.225195,-3790.230998,-10681.560086
839.320333,-3943.371645,4153.940034,-4249.652938
839.322892,3388.236802,-2718.246474,-13878.371080
839.325452,-3235.096155,2163.111630,-8441.878133
839.328011,1282.552914,-1378.265818,-6489.334891
839.330571,-210.568389,-1378.265818,-14088.939469
839.333130,-1493.121302,-593.420005,-8307.880067
839.335690,5436.492947,-3885.943902,-7695.317482
839.338249,-7829.315547,3062.812928,-10260.423309
839.340809,-325.423874,-248.853550,-20099.709840
839.343366,3924.229064,-2909.672282,1205.982590
839.345923,-1225.125171,-267.996131,-8461.020714
839.348480,1320.838075,-3120.240670,-19621.145320
839.351038,1569.691626,-2565.105827,-7771.887805
839.353595,-11121.839445,5379.065205,-4326.223261
839.356152,10815.558152,-7178.467800,-17266.607882
839.358709,-4383.651003,3369.094221,4249.652938
839.361267,-1569.691626,1263.410333,-18625.731118
839.363824,-38.285162,-153.140646,-5436.492947
839.366381,-842.273555,-153.140646,-4211.367776
839.368938,2067.398726,-4326.223261,-19410.576931
839.371496,-2143.969050,-689.132909,-6297.909083
839.374053,2105.683888,-2431.107762,-7427.321350
839.376610,153.140646,-1914.258080,-10834.700733
839.379167,-1052.841944,689.132909,-12040.683323
839.381725,-746.560651,-784.845813,-7867.600709
839.384282,2679.961312,-1799.402595,-15103.496251
839.386839,-1244.267752,440.279358,-4364.508422
839.389396,-267.996131,1014.556782,-11408.978157
839.391954,631.705166,-1684.547110,-11140.982026
839.394511,-1225.125171,153.140646,-7063.612315
839.397068,1339.980656,-3273.381317,-10585.847182
839.399625,-1703.689691,-229.710970,-12232.109131
839.402183,-248.853550,-937.986459,-8059.026517
839.404740,-899.701298,631.705166,-8920.442653
839.407297,2316.252277,-2584.248408,-9418.149754
839.409854,-593.420005,-3445.664544,-7369.893608
839.412412,153.140646,-2239.681954,-16979.469170
839.414969,-1014.556782,325.423874,-5302.494882
839.417526,574.277424,1263.410333,-4173.082614
839.420083,-1990.828403,38.285162,-16960.326589
839.422641,-191.425808,0.000000,-6508.477472
839.425198,1741.974853,-3158.525832,-4900.500685
839.427755,-1818.545176,-2258.824534,-16175.480776
839.430312,401.994197,-2813.959378,-6776.473603
839.432870,-95.712904,-1569.691626,-8327.022648
839.435427,-1282.552914,-57.427742,-11485.548480
839.437984,2545.963246,-1761.117434,-9418.149754
839.440541,535.992262,-1339.980656,-8595.018779
839.443099,-1780.260014,1646.261949,-13093.525267
839.445654,593.420005,1033.699363,-4843.072942
839.448208,440.279358,-210.568389,-10451.849117
839.450763,-2794.816797,-172.283227,-13074.382686
839.453318,1875.972918,-2545.963246,-3445.664544
839.455873,-842.273555,-1799.402595,-11830.114934
839.458428,-421.136778,-1550.549045,-13189.238171
839.460983,95.712904,-1416.550979,-4364.508422
839.463538,-574.277424,823.130974,-10604.989763
839.466093,459.421939,-191.425808,-13074.382686
839.468648,344.566454,325.423874,-6929.614250
839.471203,-4402.793584,2143.969050,-10298.708470
839.473758,4575.076811,-3139.383251,-13399.806560
839.476312,-1761.117434,1225.125171,-459.421939
839.478867,555.134843,-3866.801322,-16730.615619
839.481422,-899.701298,-1397.408398,-7714.460062
839.483977,38.285162,-459.421939,-4383.651003
839.486532,2775.674216,-4479.363907,-14758.929797
839.489087,-2450.250342,880.558717,-9552.147819
839.491642,861.416136,19.142581,-6374.479406
839.494197,765.703232,-1244.267752,-12787.243974
839.496752,-1014.556782,267.996131,-10011.569758
839.499307,-497.707101,-1856.830338,-6795.616184
839.501862,2852.244539,-2392.822600,-14988.640766
839.504416,-1129.412267,229.710970,-6910.471669
839.506971,287.138712,-650.847747,-9513.862658
839.509526,57.427742,-1627.119368,-14108.082050
839.512081,-937.986459,38.285162,-8173.882002
839.514636,76.570323,-593.420005,-7523.034254
839.517191,95.712904,-1493.121302,-13993.226565
839.519746,-1397.408398,-38.285162,-7446.463931
839.522301,1856.830338,-1933.400661,-6833.901346
839.524856,-1780.260014,-574.277424,-15907.484645
839.527411,-2526.820666,344.566454,-7331.608446
839.529966,4345.365842,-3215.953574,-8595.018779
839.532520,-4000.799387,2048.256146,-11638.689126
839.535075,2986.242605,-1799.402595,-8135.596840
839.537630,-3196.810994,937.986459,-7523.034254
839.540185,-535.992262,-497.707101,-16788.043362
839.542740,-38.285162,-976.271621,-2890.529701
839.545295,1818.545176,-3235.096155,-7963.313613
839.547848,-2067.398726,-2335.394858,-22760.528571
839.550400,401.994197,-1205.982590,-287.138712
839.552953,-0.000000,-1244.267752,-15716.058837
839.555506,-1741.974853,-153.140646,-14184.652373
839.558058,3713.660675,-2699.103893,-3579.662610
839.560611,-1416.550979,1550.549045,-8977.870395
839.563164,1339.980656,-1320.838075,-17247.465301
839.565716,-1761.117434,1703.689691,-2469.392923
839.568269,-459.421939,-823.130974,-14165.509792
839.570822,-2584.248408,727.418070,-18166.309179
839.573374,650.847747,-1895.115499,9628.718142
839.575927,7082.754896,-6470.192310,-21209.979526
839.578480,-7580.461997,2316.252277,-15735.201418
839.581032,1703.689691,-574.277424,746.560651
839.583585,4957.928427,-2469.392923,-4421.936165
839.586138,-8575.876198,5685.346498,-21975.682758
839.588690,4364.508422,-2411.965181,-8135.596840
839.591243,-650.847747,153.140646,-267.996131
839.593796,-3120.240670,-344.566454,-24693.929232
839.596348,1014.556782,-2833.101958,-5474.778109
839.598901,861.416136,-2469.392923,995.414202
839.601454,-2029.113565,-1627.119368,-16941.184008
839.604006,287.138712,-1665.404530,-12978.669782
839.606559,555.134843,-478.564520,880.558717
839.609112,-535.992262,0.000000,-13150.953010
839.611664,-899.701298,114.855485,-17706.887240
839.614217,2679.961312,-1071.984525,306.281293
839.616770,-880.558717,-3330.809059,-746.560651
839.619322,-6029.912952,-823.130974,-37213.177075
839.621875,7810.172966,-4670.789715,5187.639397
839.624428,-4536.791650,4881.358104,8709.874264
839.626980,-784.845813,-1091.127106,-30915.267992
839.629533,1607.976787,1225.125171,1856.830338
839.632086,-4575.076811,1148.554848,-10719.845248
839.634638,995.414202,-3177.668413,-22741.385990
839.637191,-2545.963246,976.271621,3751.945837
839.639744,478.564520,-861.416136,-3981.656806
839.642296,-1052.841944,-3024.527766,-28292.734422
839.644849,1033.699363,-478.564520,-3235.096155
839.647402,-2143.969050,478.564520,1052.841944
839.649953,-1282.552914,880.558717,-19812.571128
839.652505,3349.951640,650.847747,-3139.383251
839.655056,-4173.082614,4211.367776,-5455.635528
839.657608,2105.683888,-3981.656806,-17764.314982
839.660159,-1282.552914,-1416.550979,-5723.631659
839.662711,-421.136778,-1359.123237,861.416136
839.665262,-497.707101,-3541.377448,-25344.776979
839.667814,-842.273555,497.707101,3751.945837
839.670365,1435.693560,-612.562586,-9839.286531
839.672917,-287.138712,-1071.984525,-19812.571128
839.675468,-918.843878,1167.697429,1588.834206
839.678020,1378.265818,-574.277424,-12346.964616
839.680571,1052.841944,-1952.543242,-16405.191746
839.683122,-2756.531635,784.845813,957.129040
839.685674,1320.838075,-4173.082614,-16098.910453
839.688225,-0.000000,-2373.680019,-11830.114934
839.690777,-172.283227,-1091.127106,-2297.109696
839.693328,555.134843,-1550.549045,-15850.056902
839.695880,-746.560651,478.564520,-11217.552349
839.698431,1148.554848,976.271621,-1875.972918
839.700983,-421.136778,-57.427742,-17802.600144
839.703534,-497.707101,95.712904,-8403.592971
839.706086,-2450.250342,-861.416136,-7063.612315
839.708637,3981.656806,-3981.656806,-14490.933666
839.711189,478.564520,-2335.394858,-7542.176835
839.713740,-6221.338760,3311.666478,-8154.739421
839.716292,6412.764568,-5953.342629,-15543.775610
839.718843,-5436.492947,4153.940034,-2297.109696
839.721395,2890.529701,-1990.828403,-12480.962682
839.723946,-1473.978722,38.285162,-14242.080115
839.726498,-631.705166,-114.855485,-727.418070
839.729049,976.271621,-3139.383251,-14778.072378
839.731601,-2411.965181,-287.138712,-8212.167163
839.734152,229.710970,-1741.974853,-7618.747158
839.736704,-497.707101,-650.847747,-8843.872330
839.739255,995.414202,-2124.826469,-10336.993632
839.741806,-19.142581,-1435.693560,-7561.319416
839.744358,746.560651,-1780.260014,-9418.149754
839.746909,440.279358,-650.847747,-10949.556218
839.749461,-765.703232,-229.710970,-9111.868461
839.752011,555.134843,-497.707101,-11160.124606
839.754560,3751.945837,-1397.408398,-9590.432981
839.757110,-12174.681389,5570.491013,-7331.608446
839.759660,10662.417506,-9667.003304,-18893.727250
839.762209,-5187.639397,3292.523898,3081.955509
839.764759,95.712904,-325.423874,-19295.721446
839.767309,4383.651003,-3388.236802,-9360.722011
839.769859,-4441.078746,2737.389054,-4632.504554
839.772408,3388.236802,-1818.545176,-12825.529136
839.774958,-1837.687757,1014.556782,-11064.411702
839.777508,-727.418070,880.558717,-5781.059402
839.780057,1607.976787,-2679.961312,-10834.700733
839.782607,-2048.256146,-535.992262,-10911.271056
839.785157,-861.416136,-2220.539373,-4192.225195
839.787706,1971.685822,-3637.090352,-17151.752397
839.790256,-2871.387120,2220.539373,-2928.814862
839.792806,1646.261949,-823.130974,-10317.851051
839.795356,-229.710970,-593.420005,-9111.868461
839.797905,516.849682,-2239.681954,-9513.862658
839.800455,-1914.258080,-669.990328,-9667.003304
839.803005,2009.970984,-3656.232933,-8920.442653
839.805554,-1588.834206,-1473.978722,-9992.427178
839.808104,842.273555,-3790.230998,-7752.745224
839.810654,1129.412267,-5379.065205,-10279.565890
839.813203,-1588.834206,-4728.217458,-9111.868461
839.815753,191.425808,-6106.483275,-10241.280728
839.818303,842.273555,-5340.780043,-10624.132344
839.820853,-2067.398726,-574.277424,-9762.716208
839.823402,1244.267752,-2756.531635,-13725.230434
839.825952,727.418070,-3809.373579,-4096.512291
839.828502,-1378.265818,-1339.980656,-6431.907149
839.831051,1359.123237,-5800.201982,-19468.004674
839.833601,-1665.404530,-5819.344563,-3943.371645
839.836151,708.275490,-6661.618118,-6872.186507
